"","location","year","tech_jobs","all_jobs","percentage","growth"
"1",90001,2005,48,7898,164.541666666667,NA
"2",90001,2006,95,8078,85.0315789473684,-0.483221601737949
"3",90001,2007,125,8279,66.232,-0.221089378559049
"4",90001,2008,82,8079,98.5243902439024,0.487564775998044
"5",90001,2009,32,7138,223.0625,1.26403329620003
"6",90001,2010,31,9097,293.451612903226,0.315557805113929
"7",90001,2011,24,8420,350.833333333333,0.1955406544282
"8",90001,2012,53,8421,158.88679245283,-0.547116031013311
"9",90001,2013,103,9070,88.0582524271845,-0.445779909910845
"10",90001,2014,88,9055,102.897727272727,0.168518843339682
"11",90001,2015,61,9046,148.295081967213,0.441189090349503
"12",90001,2016,71,9079,127.87323943662,-0.137710855004001
"13",90001,2017,96,9334,97.2291666666667,-0.239644142159562
"14",90002,2005,24,1142,47.5833333333333,NA
"15",90002,2006,0,1306,Inf,Inf
"16",90002,2007,24,1391,57.9583333333333,-1
"17",90002,2008,0,1387,Inf,Inf
"18",90002,2009,0,1297,Inf,NA
"19",90002,2010,0,2010,Inf,NA
"20",90002,2011,0,2030,Inf,NA
"21",90002,2012,0,1945,Inf,NA
"22",90002,2013,0,3042,Inf,NA
"23",90002,2014,0,3048,Inf,NA
"24",90002,2015,0,3070,Inf,NA
"25",90002,2016,24,2945,122.708333333333,-1
"26",90002,2017,5,3320,664,4.41120543293718
"27",90003,2005,68,4352,64,NA
"28",90003,2006,95,4449,46.8315789473684,-0.268256578947368
"29",90003,2007,65,4504,69.2923076923077,0.479606480280789
"30",90003,2008,29,4450,153.448275862069,1.21450664543394
"31",90003,2009,45,4206,93.4666666666667,-0.39089138576779
"32",90003,2010,47,6149,130.829787234043,0.399748080250099
"33",90003,2011,71,6108,86.0281690140845,-0.342442032255331
"34",90003,2012,51,5989,117.43137254902,0.365033963814734
"35",90003,2013,58,7161,123.465517241379,0.0513844346819738
"36",90003,2014,37,7228,195.351351351351,0.582234098363131
"37",90003,2015,29,7176,247.448275862069,0.266683205160009
"38",90003,2016,31,6721,216.806451612903,-0.123831229546516
"39",90003,2017,33,6720,203.636363636364,-0.0607458305717499
"40",90004,2005,845,7064,8.35976331360947,NA
"41",90004,2006,866,6890,7.95612009237875,-0.0482840489722474
"42",90004,2007,1083,7259,6.70267774699908,-0.157544422510711
"43",90004,2008,1144,7539,6.59003496503496,-0.0168056389126784
"44",90004,2009,940,7312,7.77872340425532,0.180376651342099
"45",90004,2010,971,8404,8.65499485066941,0.112649775660455
"46",90004,2011,981,8612,8.77879714576962,0.0143041442815686
"47",90004,2012,1047,8902,8.50238777459408,-0.0314860187091509
"48",90004,2013,1001,9551,9.54145854145854,0.122209289250404
"49",90004,2014,1005,11901,11.8417910447761,0.241088141118301
"50",90004,2015,932,10806,11.5944206008584,-0.0208896139935584
"51",90004,2016,956,10910,11.4121338912134,-0.0157219334989009
"52",90004,2017,784,10296,13.1326530612245,0.150762266409772
"53",90005,2005,507,4244,8.37080867850099,NA
"54",90005,2006,600,3978,6.63,-0.207961828463714
"55",90005,2007,591,4736,8.01353637901861,0.208678186880635
"56",90005,2008,598,5043,8.43311036789298,0.0523581561285369
"57",90005,2009,581,4698,8.08605851979346,-0.0411534810952828
"58",90005,2010,626,5076,8.10862619808307,0.00279093679997033
"59",90005,2011,615,5006,8.13983739837398,0.00384913541806853
"60",90005,2012,475,5499,11.5768421052632,0.422244885085266
"61",90005,2013,428,5764,13.4672897196262,0.163295620444159
"62",90005,2014,670,6028,8.99701492537313,-0.33193574114162
"63",90005,2015,698,6552,9.38681948424069,0.0433259877971564
"64",90005,2016,570,6334,11.1122807017544,0.183817449606924
"65",90005,2017,606,6824,11.2607260726073,0.013358677200211
"66",90006,2005,422,9257,21.936018957346,NA
"67",90006,2006,441,8372,18.984126984127,-0.134568263227656
"68",90006,2007,344,9168,26.6511627906977,0.40386559850665
"69",90006,2008,359,7947,22.1364902506964,-0.169398707870904
"70",90006,2009,325,7469,22.9815384615385,0.038174444154059
"71",90006,2010,304,8601,28.2927631578947,0.231108317889382
"72",90006,2011,316,7943,25.1360759493671,-0.111572248737636
"73",90006,2012,306,8462,27.6535947712418,0.100155602129223
"74",90006,2013,316,9398,29.7405063291139,0.0754661943640822
"75",90006,2014,319,9483,29.7272727272727,-0.000444968948906221
"76",90006,2015,326,9309,28.5552147239264,-0.039427027635504
"77",90006,2016,340,9105,26.7794117647059,-0.0621883945328049
"78",90006,2017,409,9616,23.5110024449878,-0.122049332092714
"79",90007,2005,768,14082,18.3359375,NA
"80",90007,2006,504,13492,26.7698412698413,0.459965778670508
"81",90007,2007,575,14577,25.3513043478261,-0.0529901133038579
"82",90007,2008,438,14219,32.4634703196347,0.280544380447963
"83",90007,2009,325,12470,38.3692307692308,0.181920182637533
"84",90007,2010,377,13354,35.42175066313,-0.0768188479938057
"85",90007,2011,419,13386,31.9474940334129,-0.098082578209027
"86",90007,2012,429,13613,31.7319347319347,-0.00674729921704365
"87",90007,2013,394,14272,36.2233502538071,0.141542441701554
"88",90007,2014,344,14419,41.9156976744186,0.157145801830222
"89",90007,2015,313,14420,46.0702875399361,0.0991177553046685
"90",90007,2016,267,15016,56.2397003745318,0.220736908268271
"91",90007,2017,311,14679,47.1993569131833,-0.160746650518118
"92",90008,2005,191,3093,16.1937172774869,NA
"93",90008,2006,167,2815,16.8562874251497,0.040915259684317
"94",90008,2007,208,3063,14.7259615384615,-0.126381677824839
"95",90008,2008,190,3069,16.1526315789474,0.0968812825403369
"96",90008,2009,116,2799,24.1293103448276,0.49383152998281
"97",90008,2010,73,3158,43.2602739726027,0.792851654455848
"98",90008,2011,71,3082,43.4084507042254,0.00342523793807814
"99",90008,2012,94,4980,52.9787234042553,0.22047026661328
"100",90008,2013,104,6219,59.7980769230769,0.128718721037998
"101",90008,2014,121,6063,50.1074380165289,-0.162056029310338
"102",90008,2015,30,6296,209.866666666667,3.18833360822475
"103",90008,2016,26,6615,254.423076923077,0.212308181018474
"104",90008,2017,147,6436,43.7823129251701,-0.827915323347782
"105",90010,2005,6131,31110,5.07421301582124,NA
"106",90010,2006,5601,32063,5.72451347973576,0.128157895990355
"107",90010,2007,5281,31981,6.05586063245597,0.0578821508400933
"108",90010,2008,5428,34205,6.30158437730287,0.0405761888789118
"109",90010,2009,4789,30714,6.41344748381708,0.017751584334428
"110",90010,2010,4844,29235,6.03530140379851,-0.0589614370387743
"111",90010,2011,5257,28775,5.4736541753852,-0.093060344601816
"112",90010,2012,5232,29533,5.64468654434251,0.0312464696301846
"113",90010,2013,5336,29233,5.47844827586207,-0.0294503985605815
"114",90010,2014,5424,31634,5.83222713864307,0.0645764721992068
"115",90010,2015,5233,31702,6.05809287215746,0.0387271839976628
"116",90010,2016,5182,30220,5.83172520262447,-0.0373661603263563
"117",90010,2017,5419,30392,5.60841483668574,-0.038292333431321
"118",90011,2005,98,9886,100.877551020408,NA
"119",90011,2006,93,9812,105.505376344086,0.0458756708193842
"120",90011,2007,142,9052,63.7464788732394,-0.395798763227551
"121",90011,2008,71,9131,128.605633802817,1.01745470614229
"122",90011,2009,70,8323,118.9,-0.0754681853028144
"123",90011,2010,49,9197,187.69387755102,0.578586018091004
"124",90011,2011,148,9150,61.8243243243243,-0.67061086311929
"125",90011,2012,159,9836,61.8616352201258,0.000603498642471223
"126",90011,2013,128,11216,87.625,0.416467568117121
"127",90011,2014,112,11566,103.267857142857,0.178520480945588
"128",90011,2015,137,11476,83.7664233576642,-0.188843211476881
"129",90011,2016,160,11109,69.43125,-0.171132689961659
"130",90011,2017,92,11296,122.782608695652,0.768405562274224
"131",90012,2005,5691,252941,44.4457916007731,NA
"132",90012,2006,5697,151208,26.5416886080393,-0.402830107146126
"133",90012,2007,6240,260514,41.7490384615385,0.572960902302687
"134",90012,2008,5544,256252,46.2215007215007,0.107127311784259
"135",90012,2009,5389,156065,28.9599183521989,-0.373453524871647
"136",90012,2010,5055,152318,30.1321463897132,0.0404776016029487
"137",90012,2011,5351,149414,27.9226312838722,-0.0733275046942986
"138",90012,2012,5311,148566,27.9732630389757,0.00181328738645026
"139",90012,2013,3771,151014,40.0461416070008,0.431586352696992
"140",90012,2014,3476,151366,43.5460299194476,0.0873963925611998
"141",90012,2015,3505,152500,43.509272467903,-0.000844105687996199
"142",90012,2016,3610,155269,43.0108033240997,-0.0114566186821665
"143",90012,2017,3481,164826,47.3501867279517,0.100890545362601
"144",90013,2005,1113,13228,11.884995507637,NA
"145",90013,2006,1016,14724,14.492125984252,0.219363185702483
"146",90013,2007,1020,15172,14.8745098039216,0.0263856262418032
"147",90013,2008,1013,14621,14.4333662388944,-0.0296576876039901
"148",90013,2009,1157,14368,12.4183232497839,-0.139610050473216
"149",90013,2010,1005,13238,13.1721393034826,0.0607019191348381
"150",90013,2011,1078,13521,12.5426716141002,-0.0477878099281849
"151",90013,2012,1153,13709,11.8898525585429,-0.0520478471925686
"152",90013,2013,1090,13379,12.2743119266055,0.0323350828927087
"153",90013,2014,1140,15729,13.7973684210526,0.124084877714879
"154",90013,2015,1647,17214,10.4517304189435,-0.242483776616719
"155",90013,2016,1341,17829,13.2953020134228,0.272067062629684
"156",90013,2017,2107,19485,9.24774560987186,-0.304435085375615
"157",90014,2005,568,14835,26.1179577464789,NA
"158",90014,2006,880,13799,15.6806818181818,-0.399620675919968
"159",90014,2007,845,13825,16.3609467455621,0.0433823564094991
"160",90014,2008,868,13257,15.2730414746544,-0.0664940292164236
"161",90014,2009,737,12022,16.3120759837178,0.068030621850119
"162",90014,2010,726,11503,15.8443526170799,-0.0286734421237831
"163",90014,2011,792,11643,14.7007575757576,-0.072176823437364
"164",90014,2012,868,14800,17.0506912442396,0.15985119517631
"165",90014,2013,990,15426,15.5818181818182,-0.0861474201474199
"166",90014,2014,1032,12477,12.0901162790698,-0.224088220129711
"167",90014,2015,1176,13226,11.2465986394558,-0.0697691916391467
"168",90014,2016,1501,13924,9.27648234510326,-0.175174411171825
"169",90014,2017,1652,13417,8.12167070217918,-0.124488097962443
"170",90015,2005,1539,35880,23.3138401559454,NA
"171",90015,2006,1386,33154,23.9206349206349,0.0260272336359291
"172",90015,2007,1366,34537,25.2833089311859,0.0569664649400896
"173",90015,2008,613,35333,57.6394779771615,1.2797442428932
"174",90015,2009,578,33612,58.1522491349481,0.00889617976744606
"175",90015,2010,1231,36815,29.906580016247,-0.485719289260064
"176",90015,2011,1528,38910,25.4646596858639,-0.148526522523471
"177",90015,2012,1772,40292,22.7381489841986,-0.107070376565008
"178",90015,2013,1745,39167,22.4452722063037,-0.0128804142368165
"179",90015,2014,1959,43523,22.2169474221542,-0.0101725112554187
"180",90015,2015,1863,38842,20.8491680085883,-0.0615646869741409
"181",90015,2016,2008,38349,19.0981075697211,-0.0839870654860601
"182",90015,2017,1788,37659,21.0620805369128,0.10283599880364
"183",90016,2005,596,8799,14.7634228187919,NA
"184",90016,2006,1417,9497,6.70218772053634,-0.546027516599652
"185",90016,2007,1126,9022,8.01243339253996,0.195495221357179
"186",90016,2008,710,8458,11.912676056338,0.486773801755334
"187",90016,2009,891,8079,9.06734006734007,-0.238849438660269
"188",90016,2010,1496,9418,6.29545454545455,-0.305699962866692
"189",90016,2011,923,8776,9.50812567713976,0.510315992036641
"190",90016,2012,666,8415,12.6351351351351,0.328877589987435
"191",90016,2013,828,9760,11.7874396135266,-0.0670903407476298
"192",90016,2014,956,10067,10.5303347280335,-0.106647832498799
"193",90016,2015,1069,9928,9.28718428437792,-0.118054219145198
"194",90016,2016,1196,10216,8.54180602006689,-0.0802587998135068
"195",90016,2017,1400,10722,7.65857142857143,-0.103401387179774
"196",90017,2005,13579,38264,2.81788055085058,NA
"197",90017,2006,13684,39393,2.87876351943876,0.0216059437188723
"198",90017,2007,14223,39912,2.8061590381776,-0.0252207174263885
"199",90017,2008,14052,40226,2.86265300313123,0.0201321322794006
"200",90017,2009,12865,36896,2.86793626117373,0.00184558101758125
"201",90017,2010,12972,50573,3.8986278137527,0.359384400041426
"202",90017,2011,13221,52041,3.93623780349444,0.00964698133252684
"203",90017,2012,13966,56731,4.06207933552914,0.031970002402544
"204",90017,2013,15539,61160,3.93590321127486,-0.0310619546867735
"205",90017,2014,15393,62713,4.07412460209186,0.0351180868526066
"206",90017,2015,15689,63393,4.04060169545541,-0.00822824776130648
"207",90017,2016,16032,63885,3.98484281437126,-0.0137996479947209
"208",90017,2017,15567,65766,4.22470610907689,0.0601939162670542
"209",90018,2005,175,3826,21.8628571428571,NA
"210",90018,2006,178,4010,22.5280898876404,0.0304275301456034
"211",90018,2007,197,4065,20.6345177664975,-0.0840538248287909
"212",90018,2008,217,4132,19.0414746543779,-0.0772028273278126
"213",90018,2009,135,3870,28.6666666666667,0.505485640529203
"214",90018,2010,165,5126,31.0666666666667,0.0837209302325581
"215",90018,2011,154,4883,31.7077922077922,0.0206370882336544
"216",90018,2012,152,4807,31.625,-0.00261109973377005
"217",90018,2013,100,5366,53.66,0.696758893280632
"218",90018,2014,89,5492,61.7078651685393,0.149978851445012
"219",90018,2015,135,5474,40.5481481481482,-0.342901459361765
"220",90018,2016,154,5204,33.7922077922078,-0.166615262705873
"221",90018,2017,116,5487,47.301724137931,0.399781997932625
"222",90019,2005,400,5218,13.045,NA
"223",90019,2006,494,5535,11.2044534412955,-0.141092108754654
"224",90019,2007,530,5752,10.8528301886792,-0.03138245470505
"225",90019,2008,415,5834,14.0578313253012,0.295314777887628
"226",90019,2009,248,5424,21.8709677419355,0.555785329602885
"227",90019,2010,228,6836,29.9824561403509,0.370879263054391
"228",90019,2011,231,6875,29.7619047619048,-0.00735601437766453
"229",90019,2012,275,7129,25.9236363636364,-0.128965818181818
"230",90019,2013,289,8062,27.8961937716263,0.0760910768967926
"231",90019,2014,321,8214,25.588785046729,-0.0827141058664512
"232",90019,2015,345,8395,24.3333333333333,-0.049062576089603
"233",90019,2016,504,8613,17.0892857142857,-0.297700587084149
"234",90019,2017,384,8961,23.3359375,0.365530303030303
"235",90020,2005,185,12038,65.0702702702703,NA
"236",90020,2006,163,11500,70.5521472392638,0.0842454925455889
"237",90020,2007,129,11971,92.7984496124031,0.315317155375801
"238",90020,2008,124,12063,97.2822580645161,0.0483177086561342
"239",90020,2009,71,12003,169.056338028169,0.737792084514047
"240",90020,2010,131,12446,95.0076335877863,-0.438011998272696
"241",90020,2011,187,12620,67.4866310160428,-0.289671487779077
"242",90020,2012,124,12375,99.7983870967742,0.478787510863453
"243",90020,2013,129,13065,101.279069767442,0.0148367394879021
"244",90020,2014,162,13388,82.641975308642,-0.184017235758529
"245",90020,2015,152,14118,92.8815789473684,0.123903181167739
"246",90020,2016,114,14945,131.09649122807,0.411436936298815
"247",90020,2017,141,15441,109.510638297872,-0.164656221749251
"248",90021,2005,698,27377,39.2220630372493,NA
"249",90021,2006,905,26908,29.7325966850829,-0.241942050400415
"250",90021,2007,601,28324,47.1281198003328,0.585065720949204
"251",90021,2008,508,30718,60.4685039370079,0.283066334774104
"252",90021,2009,378,28020,74.1269841269841,0.225877594130735
"253",90021,2010,507,32901,64.8934911242604,-0.12456318183546
"254",90021,2011,576,24613,42.7309027777778,-0.341522515779662
"255",90021,2012,745,26388,35.4201342281879,-0.171088558264485
"256",90021,2013,732,27811,37.9931693989071,0.0726432924884721
"257",90021,2014,1071,28596,26.7002801120448,-0.297234725755392
"258",90021,2015,791,28572,36.1213653603034,0.352845933028568
"259",90021,2016,874,32296,36.9519450800915,0.022994139659541
"260",90021,2017,984,29036,29.5081300813008,-0.201445823289048
"261",90023,2005,396,25514,64.4292929292929,NA
"262",90023,2006,343,24446,71.2711370262391,0.106191512988582
"263",90023,2007,298,24167,81.0973154362416,0.137870375301926
"264",90023,2008,301,22305,74.1029900332226,-0.0862460781271851
"265",90023,2009,345,19723,57.168115942029,-0.228531589394722
"266",90023,2010,200,21354,106.77,0.867649444810627
"267",90023,2011,262,21218,80.9847328244275,-0.241502923813548
"268",90023,2012,171,20039,117.187134502924,0.447027487970879
"269",90023,2013,328,19857,60.5396341463415,-0.48339351070291
"270",90023,2014,635,19645,30.9370078740157,-0.488979272665702
"271",90023,2015,724,19915,27.5069060773481,-0.11087374094599
"272",90023,2016,496,19572,39.4596774193548,0.434537105278077
"273",90023,2017,541,19028,35.1719038817006,-0.108662153825696
"274",90024,2005,3172,44519,14.0349936948298,NA
"275",90024,2006,3716,45764,12.3153928955867,-0.122522377753299
"276",90024,2007,4059,50775,12.5092387287509,0.0157401257765588
"277",90024,2008,4526,52089,11.5088378258948,-0.0799729643464874
"278",90024,2009,3596,48624,13.5216907675195,0.174896281629386
"279",90024,2010,4050,46690,11.5283950617284,-0.147414679130156
"280",90024,2011,3982,47298,11.8779507785033,0.0303212819220011
"281",90024,2012,3675,47935,13.043537414966,0.0981302800624668
"282",90024,2013,3882,48551,12.5066975785677,-0.0411575341350479
"283",90024,2014,3828,47228,12.337513061651,-0.0135275132267276
"284",90024,2015,4000,47793,11.94825,-0.0315511772677224
"285",90024,2016,3956,47602,12.0328614762386,0.00708149530170687
"286",90024,2017,4100,47867,11.6748780487805,-0.0297504818920293
"287",90025,2005,8409,29528,3.51147579973838,NA
"288",90025,2006,8508,29814,3.50423131170663,-0.00206308926642351
"289",90025,2007,8560,30649,3.58049065420561,0.0217620743939528
"290",90025,2008,8280,31300,3.78019323671498,0.0557752000482949
"291",90025,2009,8905,29023,3.25918023582257,-0.137827081386233
"292",90025,2010,7660,27346,3.56997389033943,0.0953594560683799
"293",90025,2011,7797,28238,3.62164935231499,0.0144750251858716
"294",90025,2012,7638,28723,3.76053940822205,0.0383499456727567
"295",90025,2013,8318,31137,3.74332772301034,-0.00457691925101944
"296",90025,2014,9043,32753,3.62191750525268,-0.0324337666219672
"297",90025,2015,9012,33998,3.77252552152685,0.0415823982892354
"298",90025,2016,8775,35140,4.0045584045584,0.0615059809953626
"299",90025,2017,8831,35657,4.03770807383082,0.0082779837184257
"300",90026,2005,430,5892,13.7023255813953,NA
"301",90026,2006,462,5571,12.0584415584416,-0.119971169360171
"302",90026,2007,475,6337,13.3410526315789,0.106366238698524
"303",90026,2008,548,6406,11.6897810218978,-0.123773712261092
"304",90026,2009,520,5990,11.5192307692308,-0.0145896875525346
"305",90026,2010,580,7248,12.4965517241379,0.0848425536814226
"306",90026,2011,556,7377,13.2679856115108,0.0617317404354663
"307",90026,2012,540,7475,13.8425925925926,0.043307778430457
"308",90026,2013,552,8838,16.0108695652174,0.156638068925404
"309",90026,2014,571,8805,15.4203152364273,-0.0368845880846479
"310",90026,2015,607,9172,15.1103789126853,-0.0200992209945114
"311",90026,2016,595,9747,16.381512605042,0.0841232175382145
"312",90026,2017,513,10240,19.9610136452242,0.218508578937969
"313",90027,2005,3622,21883,6.04168967421314,NA
"314",90027,2006,2683,22215,8.27991054789415,0.370462733833232
"315",90027,2007,2894,21723,7.5062197650311,-0.0934419252946911
"316",90027,2008,2055,21480,10.4525547445255,0.392519147017306
"317",90027,2009,1901,20808,10.9458179905313,0.0471906876416117
"318",90027,2010,1805,21056,11.6653739612188,0.065737980597703
"319",90027,2011,2786,22541,8.0908111988514,-0.306425046830985
"320",90027,2012,2730,23480,8.6007326007326,0.0630247560286157
"321",90027,2013,1386,24714,17.8311688311688,1.07321511537866
"322",90027,2014,1204,24758,20.563122923588,0.153212283405884
"323",90027,2015,1063,25319,23.8184383819379,0.158308417959982
"324",90027,2016,1098,25530,23.2513661202186,-0.023808120945047
"325",90027,2017,2247,26661,11.8651535380507,-0.489700799656102
"326",90028,2005,5902,21781,3.69044391731616,NA
"327",90028,2006,6356,22487,3.53791692888609,-0.0413302550715894
"328",90028,2007,7496,24309,3.2429295624333,-0.0833788278193605
"329",90028,2008,7407,24571,3.31726744970973,0.0229230656556898
"330",90028,2009,6855,22676,3.30795040116703,-0.00280865160375221
"331",90028,2010,6992,23648,3.38215102974828,0.0224309979239938
"332",90028,2011,7439,25279,3.39817179728458,0.00473685751918951
"333",90028,2012,7366,26408,3.58512082541406,0.0550145899859658
"334",90028,2013,7107,29498,4.15055579006613,0.157717129264887
"335",90028,2014,6749,29271,4.33708697584827,0.0449412549106272
"336",90028,2015,7276,30088,4.13523914238593,-0.0465399551787565
"337",90028,2016,7371,30618,4.15384615384615,0.00449962162272732
"338",90028,2017,8345,33301,3.99053325344518,-0.0393160686150502
"339",90029,2005,192,5174,26.9479166666667,NA
"340",90029,2006,85,5140,60.4705882352941,1.24398008140249
"341",90029,2007,109,5499,50.4495412844037,-0.165717702495271
"342",90029,2008,72,5401,75.0138888888889,0.486909236022711
"343",90029,2009,53,5085,95.9433962264151,0.279008429605977
"344",90029,2010,99,5517,55.7272727272727,-0.419165102350943
"345",90029,2011,94,5673,60.3510638297872,0.0829717816111897
"346",90029,2012,102,5739,56.2647058823529,-0.0677097914787279
"347",90029,2013,129,7099,55.031007751938,-0.0219266787423464
"348",90029,2014,110,7122,64.7454545454545,0.176526783541857
"349",90029,2015,110,7250,65.9090909090909,0.01797247964055
"350",90029,2016,122,7124,58.3934426229508,-0.114030525720746
"351",90029,2017,141,7478,53.0354609929078,-0.0917565635689566
"352",90031,2005,297,9183,30.9191919191919,NA
"353",90031,2006,360,9024,25.0666666666667,-0.189284547533486
"354",90031,2007,356,8541,23.9915730337079,-0.0428893736552715
"355",90031,2008,383,8397,21.9242819843342,-0.0861673824583798
"356",90031,2009,318,7400,23.2704402515723,0.0614003353998094
"357",90031,2010,293,8331,28.4334470989761,0.221869753712757
"358",90031,2011,291,8616,29.6082474226804,0.0413175482949659
"359",90031,2012,265,8436,31.8339622641509,0.0751721238240395
"360",90031,2013,266,9872,37.1127819548872,0.165823520394158
"361",90031,2014,256,11353,44.34765625,0.194942925698947
"362",90031,2015,292,10835,37.1061643835616,-0.163289167427836
"363",90031,2016,395,11103,28.1088607594937,-0.242474633892741
"364",90031,2017,397,10721,27.0050377833753,-0.0392695735897277
"365",90032,2005,0,6004,Inf,NA
"366",90032,2006,134,5894,43.9850746268657,-1
"367",90032,2007,118,5788,49.0508474576271,0.115170267954196
"368",90032,2008,111,6089,54.8558558558559,0.118346750343986
"369",90032,2009,122,6290,51.5573770491803,-0.0601299306193109
"370",90032,2010,47,7407,157.595744680851,2.05670601765721
"371",90032,2011,84,7500,89.2857142857143,-0.433450982661189
"372",90032,2012,72,7523,104.486111111111,0.170244444444444
"373",90032,2013,71,8569,120.69014084507,0.155083097281014
"374",90032,2014,110,9900,90,-0.254288715135955
"375",90032,2015,602,10410,17.2923588039867,-0.807862679955703
"376",90032,2016,550,10006,18.1927272727273,0.0520674176927778
"377",90032,2017,3,10450,3483.33333333333,190.468452261976
"378",90033,2005,420,18264,43.4857142857143,NA
"379",90033,2006,408,18172,44.5392156862745,0.0242263791193218
"380",90033,2007,432,18934,43.8287037037037,-0.015952503240639
"381",90033,2008,412,18843,45.7354368932039,0.0435042113586184
"382",90033,2009,297,17059,57.4377104377104,0.255868847865875
"383",90033,2010,194,18784,96.8247422680412,0.685734712093807
"384",90033,2011,213,18711,87.8450704225352,-0.0927415001079733
"385",90033,2012,207,18691,90.2946859903382,0.0278856349709813
"386",90033,2013,236,19978,84.6525423728814,-0.0624858877969909
"387",90033,2014,192,20303,105.744791666667,0.249162620549271
"388",90033,2015,226,20670,91.4601769911504,-0.135085751746004
"389",90033,2016,294,20801,70.7517006802721,-0.226420689223924
"390",90033,2017,383,20474,53.4569190600522,-0.244443334279344
"391",90034,2005,1205,8631,7.16265560165975,NA
"392",90034,2006,1397,9004,6.44523979957051,-0.100160588751887
"393",90034,2007,1168,9932,8.50342465753425,0.319334101130091
"394",90034,2008,1234,9315,7.54862236628849,-0.112284441821893
"395",90034,2009,1030,8208,7.96893203883495,0.0556803151822145
"396",90034,2010,953,8918,9.35781741867786,0.174287517207383
"397",90034,2011,1041,9677,9.29586935638809,-0.00661992636938213
"398",90034,2012,1083,10294,9.5050784856879,0.0225056012815028
"399",90034,2013,1023,11363,11.1075268817204,0.168588654838083
"400",90034,2014,1062,11674,10.9924670433145,-0.0103587269813662
"401",90034,2015,1169,11789,10.0846877673225,-0.0825819420167475
"402",90034,2016,1298,11943,9.20107858243451,-0.0876188936410258
"403",90034,2017,1417,12118,8.55187014820042,-0.0705578621481912
"404",90035,2005,3100,12853,4.14612903225806,NA
"405",90035,2006,3067,11264,3.67264427779589,-0.114199232773106
"406",90035,2007,3401,12193,3.58512202293443,-0.0238308554385742
"407",90035,2008,3371,12437,3.68940967072085,0.0290890092775875
"408",90035,2009,3559,12427,3.49171115481877,-0.053585406215802
"409",90035,2010,411,12450,30.2919708029197,7.67539422930645
"410",90035,2011,424,9978,23.5330188679245,-0.223126847010684
"411",90035,2012,452,10635,23.5287610619469,-0.000180929017289166
"412",90035,2013,393,11967,30.4503816793893,0.29417701166751
"413",90035,2014,3651,12210,3.3442892358258,-0.890172501906949
"414",90035,2015,3196,11724,3.66833541927409,0.0968953821269216
"415",90035,2016,3061,11499,3.75661548513558,0.0240654290765354
"416",90035,2017,3421,12130,3.54574685764396,-0.0561326088139688
"417",90036,2005,10164,26432,2.60055096418733,NA
"418",90036,2006,13954,30241,2.16719220295256,-0.166641133822268
"419",90036,2007,12533,29822,2.37947817761111,0.0979543828043181
"420",90036,2008,6591,24418,3.70474890001517,0.556958552876741
"421",90036,2009,5600,21791,3.89125,0.0503410905889097
"422",90036,2010,5487,22204,4.04665573172954,0.039937226271646
"423",90036,2011,5528,23283,4.21183068017366,0.0408176428622267
"424",90036,2012,5564,24267,4.36143062544932,0.0355189836998595
"425",90036,2013,5711,25664,4.49378392575731,0.0303463041543526
"426",90036,2014,6083,27557,4.53016603649515,0.0080960970395807
"427",90036,2015,5845,28511,4.87784431137725,0.0767473580617553
"428",90036,2016,5497,28900,5.25741313443697,0.0778148704283981
"429",90036,2017,6595,30732,4.65989385898408,-0.113652714780779
"430",90037,2005,192,5989,31.1927083333333,NA
"431",90037,2006,218,6129,28.1146788990826,-0.0986778512900562
"432",90037,2007,156,5892,37.7692307692308,0.34339897335492
"433",90037,2008,148,6264,42.3243243243243,0.120603291682722
"434",90037,2009,121,5865,48.4710743801653,0.145229726734429
"435",90037,2010,131,6732,51.3893129770992,0.0602057749751082
"436",90037,2011,85,6684,78.6352941176471,0.530187690049282
"437",90037,2012,110,6757,61.4272727272727,-0.218833306131332
"438",90037,2013,108,8278,76.6481481481482,0.247786931522317
"439",90037,2014,100,8729,87.29,0.138840299589273
"440",90037,2015,80,8470,105.875,0.212910986367282
"441",90037,2016,66,9265,140.378787878788,0.32589173911488
"442",90037,2017,38,10085,265.394736842105,0.89056153605817
"443",90038,2005,7008,14822,2.11501141552511,NA
"444",90038,2006,6139,13364,2.17690177553347,0.0292624236228975
"445",90038,2007,6072,13064,2.15151515151515,-0.011661814190997
"446",90038,2008,6205,13032,2.10024174053183,-0.0238313036964737
"447",90038,2009,5152,11925,2.3146350931677,0.102080321754573
"448",90038,2010,4784,12047,2.5181856187291,0.0879406547331074
"449",90038,2011,4982,12194,2.44761140104376,-0.028025820320965
"450",90038,2012,4970,12327,2.48028169014085,0.0133478251830155
"451",90038,2013,4722,12676,2.6844557390936,0.0823188953756155
"452",90038,2014,4892,13152,2.68847097301717,0.00149573482069121
"453",90038,2015,5153,13150,2.5519115078595,-0.050794472593623
"454",90038,2016,4925,13360,2.71269035532995,0.0630033004574317
"455",90038,2017,5240,13850,2.64312977099237,-0.0256426555286374
"456",90039,2005,580,9844,16.9724137931034,NA
"457",90039,2006,603,9677,16.0480928689884,-0.0544601926032848
"458",90039,2007,506,9132,18.0474308300395,0.124584146999466
"459",90039,2008,505,9260,18.3366336633663,0.0160245985176704
"460",90039,2009,504,8897,17.6527777777778,-0.0372945164386848
"461",90039,2010,459,8806,19.1851851851852,0.086808287437713
"462",90039,2011,484,9367,19.353305785124,0.0087630428539518
"463",90039,2012,568,9354,16.4683098591549,-0.149069929344402
"464",90039,2013,518,9824,18.965250965251,0.151620969452913
"465",90039,2014,563,10048,17.8472468916519,-0.0589501333595617
"466",90039,2015,598,10021,16.757525083612,-0.0610582581535053
"467",90039,2016,587,10135,17.2657580919932,0.0303286437493191
"468",90039,2017,432,9855,22.8125,0.321256783423779
"469",90041,2005,337,5787,17.1721068249258,NA
"470",90041,2006,469,5792,12.3496801705757,-0.280829062124761
"471",90041,2007,446,6077,13.6255605381166,0.103312826722493
"472",90041,2008,472,6054,12.8262711864407,-0.0586610253163501
"473",90041,2009,310,6015,19.4032258064516,0.512772147447169
"474",90041,2010,226,6545,28.9601769911504,0.492544450084229
"475",90041,2011,306,6500,21.2418300653595,-0.266515875512416
"476",90041,2012,369,6702,18.1626016260163,-0.144960600375234
"477",90041,2013,264,7549,28.594696969697,0.574372304061202
"478",90041,2014,414,7845,18.9492753623188,-0.337315048926722
"479",90041,2015,459,8394,18.2875816993464,-0.0349192066884118
"480",90041,2016,468,8636,18.4529914529915,0.00904492219717379
"481",90041,2017,507,8704,17.1676528599606,-0.0696547546941245
"482",90042,2005,114,2878,25.2456140350877,NA
"483",90042,2006,114,2905,25.4824561403509,0.00938151494093131
"484",90042,2007,98,2910,29.6938775510204,0.165267483929889
"485",90042,2008,144,3070,21.3194444444444,-0.282025582283314
"486",90042,2009,143,2818,19.7062937062937,-0.0756657023757999
"487",90042,2010,160,3726,23.2875,0.181729063165365
"488",90042,2011,161,3753,23.3105590062112,0.000990188135745917
"489",90042,2012,145,3789,26.1310344827586,0.120995617299264
"490",90042,2013,147,5006,34.0544217687075,0.303217512922298
"491",90042,2014,157,5012,31.9235668789809,-0.0625720473012004
"492",90042,2015,152,5269,34.6644736842105,0.0858584134918301
"493",90042,2016,148,5088,34.3783783783784,-0.00825327130128828
"494",90042,2017,165,5408,32.7757575757576,-0.0466171145416429
"495",90043,2005,36,3225,89.5833333333333,NA
"496",90043,2006,61,2749,45.0655737704918,-0.496942432329394
"497",90043,2007,96,3068,31.9583333333333,-0.290848187219595
"498",90043,2008,46,3779,82.1521739130435,1.57060257355025
"499",90043,2009,36,2981,82.8055555555556,0.00795330922348714
"500",90043,2010,46,3822,83.0869565217391,0.0033983343786006
"501",90043,2011,37,4006,108.27027027027,0.303095874524445
"502",90043,2012,28,3842,137.214285714286,0.267331146137936
"503",90043,2013,31,5088,164.129032258065,0.196151198132693
"504",90043,2014,34,6195,182.205882352941,0.110138041065482
"505",90043,2015,41,6177,150.658536585366,-0.173141203566999
"506",90043,2016,51,6210,121.764705882353,-0.191783561409022
"507",90043,2017,40,6562,164.05,0.347270531400966
"508",90044,2005,110,2820,25.6363636363636,NA
"509",90044,2006,100,2753,27.53,0.0738652482269504
"510",90044,2007,18,2702,150.111111111111,4.45263752673851
"511",90044,2008,31,2591,83.5806451612903,-0.443208137341516
"512",90044,2009,28,2449,87.4642857142857,0.0464657881678334
"513",90044,2010,43,3606,83.8604651162791,-0.0412033388093856
"514",90044,2011,28,3514,125.5,0.496533555185802
"515",90044,2012,19,3670,193.157894736842,0.539106730970853
"516",90044,2013,14,6022,430.142857142857,1.22689762553523
"517",90044,2014,0,6624,Inf,Inf
"518",90044,2015,0,6857,Inf,NA
"519",90044,2016,0,6583,Inf,NA
"520",90044,2017,0,6916,Inf,NA
"521",90045,2005,5153,67869,13.1707743062294,NA
"522",90045,2006,5540,67617,12.2052346570397,-0.0733092547742616
"523",90045,2007,4619,68241,14.7739770513098,0.210462352134173
"524",90045,2008,4642,68207,14.6934510986644,-0.00545052644699384
"525",90045,2009,3916,60238,15.3825331971399,0.0468972261076372
"526",90045,2010,3999,60098,15.0282570642661,-0.0230310657115789
"527",90045,2011,4501,61036,13.5605421017552,-0.0976636848993492
"528",90045,2012,4581,64178,14.0096048897621,0.033115400891589
"529",90045,2013,4588,64773,14.1179163034002,0.00773122543357818
"530",90045,2014,4355,64949,14.913662456946,0.0563642775920281
"531",90045,2015,4454,69681,15.6445891333633,0.0490105417450162
"532",90045,2016,4257,72401,17.0075170307728,0.0871181649956552
"533",90045,2017,4539,78318,17.2544613350958,0.0145197152456868
"534",90046,2005,1347,12172,9.03637713437268,NA
"535",90046,2006,1319,12105,9.17740712661107,0.0156069174782376
"536",90046,2007,1372,12815,9.34037900874636,0.0177579440344027
"537",90046,2008,1252,12992,10.3769968051118,0.110982412533236
"538",90046,2009,916,11930,13.0240174672489,0.255085427108654
"539",90046,2010,1145,12982,11.3379912663755,-0.129455155071249
"540",90046,2011,1243,13941,11.2156074014481,-0.0107941399893631
"541",90046,2012,1368,14223,10.3969298245614,-0.0729944930830051
"542",90046,2013,1451,16706,11.513439007581,0.107388354241073
"543",90046,2014,1648,17021,10.3282766990291,-0.102937298557928
"544",90046,2015,1929,17719,9.18558838776568,-0.110636880145829
"545",90046,2016,2198,17949,8.16606005459509,-0.11099216404346
"546",90046,2017,2216,18734,8.45397111913357,0.0352570349242627
"547",90047,2005,63,4019,63.7936507936508,NA
"548",90047,2006,80,4112,51.4,-0.19427718337895
"549",90047,2007,88,4176,47.4545454545455,-0.0767598160594273
"550",90047,2008,71,4111,57.9014084507042,0.220144622524419
"551",90047,2009,35,3712,106.057142857143,0.83168502623623
"552",90047,2010,26,4473,172.038461538462,0.622129890583555
"553",90047,2011,58,4310,74.3103448275862,-0.568059699191316
"554",90047,2012,78,4329,55.5,-0.253132250580047
"555",90047,2013,69,5482,79.4492753623188,0.431518474996736
"556",90047,2014,89,5683,63.8539325842697,-0.196293077651476
"557",90047,2015,77,5693,73.9350649350649,0.157878018515006
"558",90047,2016,73,5751,78.7808219178082,0.0655407145039926
"559",90047,2017,97,6091,62.7938144329897,-0.202930194121327
"560",90048,2005,3997,33322,8.33675256442332,NA
"561",90048,2006,4229,34023,8.04516434145188,-0.0349762357366554
"562",90048,2007,6507,37425,5.75149838635316,-0.285098707465905
"563",90048,2008,6884,37416,5.43521208599651,-0.0549919828034918
"564",90048,2009,5053,32911,6.51316049871364,0.198326835395143
"565",90048,2010,5249,33486,6.37950085730615,-0.0205214720923704
"566",90048,2011,5468,34453,6.3008412582297,-0.0123300554127787
"567",90048,2012,5783,35460,6.13176551962649,-0.0268338356219296
"568",90048,2013,3483,33658,9.66350846971002,0.575974886642218
"569",90048,2014,3116,36989,11.8706675224647,0.228401419595477
"570",90048,2015,3324,38053,11.4479542719615,-0.0356098972280408
"571",90048,2016,3252,35514,10.9206642066421,-0.0460597634121295
"572",90048,2017,3235,36081,11.1533230293663,0.0213044571577188
"573",90049,2005,6868,23689,3.44918462434479,NA
"574",90049,2006,5466,21864,4,0.159694372915699
"575",90049,2007,5416,18893,3.48836779911374,-0.127908050221566
"576",90049,2008,6887,20461,2.97095977929432,-0.14832381492309
"577",90049,2009,5113,18628,3.64326227263837,0.226291348011362
"578",90049,2010,3246,17716,5.45779420825632,0.498051416513557
"579",90049,2011,3559,18710,5.25709468951953,-0.0367730095856633
"580",90049,2012,3900,19501,5.00025641025641,-0.0488555550987405
"581",90049,2013,5813,21312,3.66626526750387,-0.266784547291672
"582",90049,2014,2836,17283,6.0941466854725,0.662221972722017
"583",90049,2015,4239,17030,4.01745694739325,-0.340767927859326
"584",90049,2016,4843,18350,3.78897377658476,-0.0568725872611389
"585",90049,2017,4724,19731,4.17675698560542,0.102345181541528
"586",90057,2005,703,9866,14.0341394025605,NA
"587",90057,2006,722,9022,12.4958448753463,-0.109610891205309
"588",90057,2007,684,9444,13.8070175438596,0.104928692824946
"589",90057,2008,780,10108,12.9589743589744,-0.0614211709510308
"590",90057,2009,768,9659,12.5768229166667,-0.0294893277601902
"591",90057,2010,525,10212,19.4514285714286,0.546609084051884
"592",90057,2011,536,10020,18.6940298507463,-0.0389379483311995
"593",90057,2012,503,9589,19.0636182902585,0.0197703995587353
"594",90057,2013,524,10939,20.8759541984733,0.0950677820244092
"595",90057,2014,492,10886,22.1260162601626,0.0598804753931077
"596",90057,2015,471,11013,23.3821656050955,0.0567725039231128
"597",90057,2016,509,11530,22.6522593320236,-0.0312163674400161
"598",90057,2017,507,11203,22.0966469428008,-0.0245279016577967
"599",90059,2005,16,4130,258.125,NA
"600",90059,2006,13,3849,296.076923076923,0.147029241944496
"601",90059,2007,2,3857,1928.5,5.51351000259808
"602",90059,2008,0,3592,Inf,Inf
"603",90059,2009,0,2899,Inf,NA
"604",90059,2010,8,3429,428.625,-1
"605",90059,2011,4,3313,828.25,0.932341790609508
"606",90059,2012,0,3419,Inf,Inf
"607",90059,2013,0,4331,Inf,NA
"608",90059,2014,0,4104,Inf,NA
"609",90059,2015,0,4358,Inf,NA
"610",90059,2016,0,4228,Inf,NA
"611",90059,2017,0,4615,Inf,NA
"612",90061,2005,117,6392,54.6324786324786,NA
"613",90061,2006,176,6633,37.6875,-0.310163094493116
"614",90061,2007,97,6515,67.1649484536082,0.782154519498727
"615",90061,2008,89,6281,70.5730337078652,0.0507420214371326
"616",90061,2009,73,5273,72.2328767123288,0.0235195076257384
"617",90061,2010,191,6101,31.9424083769633,-0.557785736484293
"618",90061,2011,125,6177,49.416,0.547034256679233
"619",90061,2012,103,5797,56.2815533980583,0.138933814919424
"620",90061,2013,190,7096,37.3473684210526,-0.336419018911778
"621",90061,2014,197,6427,32.6243654822335,-0.126461465385518
"622",90061,2015,227,7117,31.352422907489,-0.0389875038470003
"623",90061,2016,229,7078,30.9082969432314,-0.0141656026256094
"624",90061,2017,255,7126,27.9450980392157,-0.0958706624780458
"625",90062,2005,26,1558,59.9230769230769,NA
"626",90062,2006,23,1694,73.6521739130435,0.229112016520624
"627",90062,2007,22,1569,71.3181818181818,-0.031689384995171
"628",90062,2008,23,1580,68.695652173913,-0.0367722448527162
"629",90062,2009,0,1427,Inf,Inf
"630",90062,2010,2,1739,869.5,-1
"631",90062,2011,2,1642,821,-0.0557791834387584
"632",90062,2012,11,1810,164.545454545455,-0.799579227106633
"633",90062,2013,24,2601,108.375,-0.341367403314917
"634",90062,2014,33,2749,83.3030303030303,-0.231344587745972
"635",90062,2015,3,2895,965,10.5842124408876
"636",90062,2016,3,2979,993,0.0290155440414508
"637",90062,2017,7,3106,443.714285714286,-0.553157819018846
"638",90064,2005,11495,26646,2.31805132666377,NA
"639",90064,2006,10001,24220,2.42175782421758,0.0447386545590731
"640",90064,2007,12161,26054,2.14242249814982,-0.115344037820133
"641",90064,2008,7206,21601,2.99764085484319,0.399182867726567
"642",90064,2009,5858,20384,3.47968589962445,0.160808138173869
"643",90064,2010,8658,24273,2.8035343035343,-0.194313974190348
"644",90064,2011,9834,25084,2.5507423225544,-0.0901690343725118
"645",90064,2012,10890,25675,2.35766758494031,-0.0756935484650363
"646",90064,2013,10619,25977,2.44627554383652,0.0375828888950223
"647",90064,2014,10797,26525,2.45670093544503,0.00426174052010575
"648",90064,2015,11316,28431,2.51246023329799,0.0226968195633683
"649",90064,2016,10534,27781,2.63726979305107,0.0496762329206126
"650",90064,2017,10638,26993,2.53741304756533,-0.037863682262942
"651",90065,2005,605,8495,14.0413223140496,NA
"652",90065,2006,707,8901,12.5898161244696,-0.103373895785274
"653",90065,2007,715,8695,12.1608391608392,-0.0340733303321773
"654",90065,2008,699,8352,11.9484978540773,-0.0174610735290126
"655",90065,2009,794,7731,9.7367758186398,-0.18510461000608
"656",90065,2010,629,9200,14.6263910969793,0.502180123011459
"657",90065,2011,864,9492,10.9861111111111,-0.248884359903382
"658",90065,2012,817,9394,11.4981640146879,0.0466091138527527
"659",90065,2013,747,9187,12.2985274431058,0.0696079328313184
"660",90065,2014,783,9268,11.8365261813538,-0.0375655755446539
"661",90065,2015,718,9629,13.4108635097493,0.133006703510326
"662",90065,2016,537,9488,17.6685288640596,0.317478837303436
"663",90065,2017,769,9492,12.3433029908973,-0.301396110232732
"664",90066,2005,3577,12303,3.43947441990495,NA
"665",90066,2006,4013,13129,3.27161724395714,-0.0488031470670008
"666",90066,2007,3664,12901,3.52101528384279,0.0762308122523525
"667",90066,2008,3953,13344,3.37566405261826,-0.0412810566007813
"668",90066,2009,3839,12507,3.25787965616046,-0.0348922151676938
"669",90066,2010,3518,12624,3.58840250142126,0.10145336235358
"670",90066,2011,3305,12833,3.88290468986384,0.0820705559997621
"671",90066,2012,3445,13080,3.79680696661829,-0.0221735350523307
"672",90066,2013,3520,13192,3.74772727272727,-0.0129265707534055
"673",90066,2014,3616,13480,3.72787610619469,-0.00529685462361207
"674",90066,2015,4512,14306,3.17065602836879,-0.149473872508786
"675",90066,2016,4480,14475,3.23102678571429,0.0190404625431886
"676",90066,2017,4933,15772,3.19724305696331,-0.0104560348742231
"677",90067,2005,10361,26753,2.58208667117074,NA
"678",90067,2006,10813,25167,2.32747618607232,-0.0986064828656481
"679",90067,2007,11185,26881,2.40330800178811,0.0325811349519141
"680",90067,2008,10825,25921,2.39454965357968,-0.00364428870619837
"681",90067,2009,10003,24428,2.44206737978606,0.0198441181352629
"682",90067,2010,9656,24390,2.52589063794532,0.0343247114527192
"683",90067,2011,10084,25440,2.52280840936136,-0.0012202541700147
"684",90067,2012,10242,25634,2.50283147822691,-0.00791852883489996
"685",90067,2013,10438,27417,2.62665261544357,0.0494724228514107
"686",90067,2014,10384,27965,2.69308551617874,0.0252918487753457
"687",90067,2015,10878,28524,2.62217319360176,-0.0263312554135267
"688",90067,2016,10920,27910,2.55586080586081,-0.0252890952827849
"689",90067,2017,12283,30360,2.47170886591224,-0.0329250872174265
"690",90068,2005,1030,3873,3.76019417475728,NA
"691",90068,2006,977,3672,3.75844421699079,-0.000465390265811383
"692",90068,2007,1366,4350,3.18448023426062,-0.152713183858219
"693",90068,2008,1538,4840,3.14694408322497,-0.0117872143252171
"694",90068,2009,1153,3884,3.36860364267129,0.0704364467827372
"695",90068,2010,995,3854,3.87336683417085,0.149843449999741
"696",90068,2011,929,3960,4.26264800861141,0.100502015715711
"697",90068,2012,908,4054,4.4647577092511,0.0474141191652204
"698",90068,2013,1004,4402,4.38446215139442,-0.0179843035357337
"699",90068,2014,948,4449,4.69303797468354,0.070379401767896
"700",90068,2015,861,4607,5.35075493612079,0.140147376813331
"701",90068,2016,840,4966,5.91190476190476,0.104873019318429
"702",90068,2017,1134,6230,5.49382716049383,-0.0707179188854583
"703",90077,2005,99,2397,24.2121212121212,NA
"704",90077,2006,100,2170,21.7,-0.103754693366708
"705",90077,2007,79,2580,32.6582278481013,0.504987458437847
"706",90077,2008,120,2586,21.55,-0.340135658914729
"707",90077,2009,114,2491,21.8508771929825,0.0139618186998816
"708",90077,2010,99,2156,21.7777777777778,-0.00334537668941515
"709",90077,2011,178,1953,10.9719101123596,-0.496187800963082
"710",90077,2012,151,2306,15.2715231788079,0.391874616399291
"711",90077,2013,137,2464,17.985401459854,0.177708421699027
"712",90077,2014,132,1998,15.1363636363636,-0.158408353010626
"713",90077,2015,124,2485,20.0403225806452,0.323985275598179
"714",90077,2016,113,2523,22.3274336283186,0.114125460728975
"715",90077,2017,108,2483,22.9907407407407,0.0297081663510517
"716",90089,2005,0,20195,Inf,NA
"717",90089,2006,0,20608,Inf,NA
"718",90089,2007,0,20514,Inf,NA
"719",90089,2008,0,21043,Inf,NA
"720",90089,2009,0,23492,Inf,NA
"721",90089,2010,0,24633,Inf,NA
"722",90089,2011,0,18781,Inf,NA
"723",90089,2012,0,17475,Inf,NA
"724",90089,2013,0,506,Inf,NA
"725",90089,2014,0,18493,Inf,NA
"726",90089,2015,0,18539,Inf,NA
"727",90089,2016,0,18507,Inf,NA
"728",90089,2017,4,19307,4826.75,-1
"729",90094,2005,0,86,Inf,NA
"730",90094,2006,6,265,44.1666666666667,-1
"731",90094,2007,17,1035,60.8823529411765,0.378468368479467
"732",90094,2008,30,1063,35.4333333333333,-0.418003220611916
"733",90094,2009,8,830,103.75,1.92803386641581
"734",90094,2010,11,1087,98.8181818181818,-0.0475355969331875
"735",90094,2011,7,1377,196.714285714286,0.990668944670785
"736",90094,2012,52,1443,27.75,-0.858932461873638
"737",90094,2013,310,1838,5.92903225806452,-0.786341179889567
"738",90094,2014,376,1703,4.52925531914894,-0.23608860231982
"739",90094,2015,1304,3091,2.37039877300613,-0.476647129389133
"740",90094,2016,1970,3723,1.88984771573604,-0.202730048101004
"741",90094,2017,3300,5705,1.72878787878788,-0.0852237117345901
"742",90247,2005,209,13590,65.0239234449761,NA
"743",90247,2006,134,12719,94.9179104477612,0.459738284295959
"744",90247,2007,160,13961,87.25625,-0.0807188065099458
"745",90247,2008,130,13954,107.338461538462,0.230152127079281
"746",90247,2009,129,12971,100.550387596899,-0.0632399034257629
"747",90247,2010,118,13446,113.949152542373,0.133254234674744
"748",90247,2011,162,13255,81.820987654321,-0.28195176682955
"749",90247,2012,139,13413,96.4964028776978,0.179360035170657
"750",90247,2013,202,14763,73.0841584158416,-0.242622976231866
"751",90247,2014,405,14849,36.6641975308642,-0.498329072598079
"752",90247,2015,328,14583,44.4603658536585,0.212637091435901
"753",90247,2016,318,13141,41.3238993710692,-0.0705452243221084
"754",90247,2017,346,13956,40.3352601156069,-0.0239241521373558
"755",90248,2005,2358,36390,15.4325699745547,NA
"756",90248,2006,1455,32742,22.5030927835052,0.45815588852721
"757",90248,2007,1502,31847,21.2030625832224,-0.0577711789570414
"758",90248,2008,1876,30898,16.4701492537313,-0.223218382293325
"759",90248,2009,1479,26470,17.8972278566599,0.0866463673730979
"760",90248,2010,1332,27234,20.4459459459459,0.142408540009598
"761",90248,2011,1206,29237,24.242951907131,0.185709478603896
"762",90248,2012,1474,30943,20.9925373134328,-0.134076683654274
"763",90248,2013,1536,31474,20.4908854166667,-0.023896677627681
"764",90248,2014,1444,32738,22.6717451523546,0.106430722311007
"765",90248,2015,888,34869,39.2668918918919,0.731974827170013
"766",90248,2016,1755,37452,21.3401709401709,-0.456535266429442
"767",90248,2017,1883,34180,18.1518852894318,-0.149403004300098
"768",90272,2005,604,4251,7.03807947019868,NA
"769",90272,2006,708,4286,6.05367231638418,-0.139868718161363
"770",90272,2007,628,4347,6.92197452229299,0.143433962151992
"771",90272,2008,668,4508,6.74850299401198,-0.0250609891328454
"772",90272,2009,577,4002,6.93587521663778,0.0277650054822622
"773",90272,2010,567,3891,6.86243386243386,-0.0105886210333987
"774",90272,2011,634,4170,6.57728706624606,-0.0415518461676909
"775",90272,2012,757,4292,5.66974900924703,-0.137980606267958
"776",90272,2013,660,4383,6.64090909090909,0.171288019994916
"777",90272,2014,797,4951,6.21204516938519,-0.0645790983814217
"778",90272,2015,1070,5100,4.76635514018692,-0.232723682745108
"779",90272,2016,455,4461,9.80439560439561,1.05700064641241
"780",90272,2017,459,4498,9.7995642701525,-0.000492772266444841
"781",90291,2005,1392,6586,4.73132183908046,NA
"782",90291,2006,1677,6724,4.00954084675015,-0.152553771837806
"783",90291,2007,1659,6883,4.14888487040386,0.0347531123835914
"784",90291,2008,2236,7979,3.56842576028623,-0.139907258998279
"785",90291,2009,1875,7370,3.93066666666667,0.101512804445001
"786",90291,2010,1911,7755,4.05808477237049,0.0324164108812297
"787",90291,2011,1967,8009,4.07168276563294,0.00335084011922038
"788",90291,2012,2119,8868,4.18499292118924,0.0278288270669542
"789",90291,2013,2071,9760,4.71269917914051,0.12609489857902
"790",90291,2014,2130,10470,4.91549295774648,0.0430313438005079
"791",90291,2015,2166,11207,5.17405355493998,0.0526011530107127
"792",90291,2016,5229,14488,2.7707018550392,-0.464500739001078
"793",90291,2017,6130,15762,2.57128874388254,-0.0719720567530489
"794",90293,2005,274,1052,3.83941605839416,NA
"795",90293,2006,264,976,3.6969696969697,-0.0371010485078925
"796",90293,2007,241,929,3.85477178423237,0.0426841711448203
"797",90293,2008,291,966,3.31958762886598,-0.138836793803336
"798",90293,2009,240,935,3.89583333333333,0.173589544513458
"799",90293,2010,243,979,4.02880658436214,0.0341321713870735
"800",90293,2011,256,1020,3.984375,-0.0110284729315629
"801",90293,2012,262,1157,4.41603053435114,0.10833707528813
"802",90293,2013,296,1271,4.29391891891892,-0.0276518956294236
"803",90293,2014,253,1380,5.45454545454545,0.270295400901223
"804",90293,2015,209,1348,6.44976076555024,0.182456140350878
"805",90293,2016,245,1347,5.49795918367347,-0.147571610246473
"806",90293,2017,280,1467,5.23928571428571,-0.0470489977728286
"807",90501,2005,3044,26881,8.830814717477,NA
"808",90501,2006,2972,25312,8.51682368775236,-0.0355562923433591
"809",90501,2007,3204,25830,8.06179775280899,-0.053426717709058
"810",90501,2008,3004,26117,8.69407456724367,0.0784287616511319
"811",90501,2009,2642,25398,9.61317183951552,0.105715365696849
"812",90501,2010,2514,24321,9.67422434367542,0.00635092196198372
"813",90501,2011,2470,24417,9.88542510121457,0.0218312859032701
"814",90501,2012,2780,23065,8.29676258992806,-0.160707556328693
"815",90501,2013,2899,24255,8.36667816488444,0.00842685013564881
"816",90501,2014,2881,25090,8.7087816730302,0.0408888093223889
"817",90501,2015,2681,24647,9.19321148825065,0.0556254403208505
"818",90501,2016,2608,26143,10.0241564417178,0.0903867984032698
"819",90501,2017,2680,26989,10.0705223880597,0.00462542126227716
"820",90710,2005,135,6971,51.637037037037,NA
"821",90710,2006,161,7398,45.9503105590062,-0.110128830086668
"822",90710,2007,160,7070,44.1875,-0.0383634090294676
"823",90710,2008,182,6995,38.4340659340659,-0.130205014221987
"824",90710,2009,148,6233,42.1148648648649,0.0957691787570274
"825",90710,2010,149,6692,44.9127516778523,0.0664346620122169
"826",90710,2011,88,6911,78.5340909090909,0.748592281149813
"827",90710,2012,135,6893,51.0592592592593,-0.349845924639732
"828",90710,2013,106,7013,66.1603773584906,0.295756701493723
"829",90710,2014,128,7235,56.5234375,-0.145660291601312
"830",90710,2015,135,7179,53.1777777777778,-0.0591906626737316
"831",90710,2016,231,7735,33.4848484848485,-0.370322531626334
"832",90710,2017,222,7698,34.6756756756757,0.03556316497493
"833",90731,2005,624,11254,18.0352564102564,NA
"834",90731,2006,744,10613,14.2647849462366,-0.209061151017273
"835",90731,2007,618,10584,17.126213592233,0.200593886047429
"836",90731,2008,948,10890,11.4873417721519,-0.32925385344011
"837",90731,2009,945,10558,11.1724867724868,-0.0274088649846227
"838",90731,2010,811,11580,14.2786683107275,0.278020605572787
"839",90731,2011,654,11221,17.1574923547401,0.201617124325923
"840",90731,2012,622,11238,18.0675241157556,0.0530399047949541
"841",90731,2013,600,11991,19.985,0.106128314646734
"842",90731,2014,596,12259,20.5687919463087,0.029211505944895
"843",90731,2015,605,12568,20.7735537190083,0.00995497320572047
"844",90731,2016,493,11530,23.3874239350913,0.125826820554601
"845",90731,2017,538,11617,21.592936802974,-0.076728721260523
"846",90732,2005,148,2902,19.6081081081081,NA
"847",90732,2006,141,2963,21.0141843971631,0.0717089217023235
"848",90732,2007,197,3031,15.3857868020305,-0.267838022583094
"849",90732,2008,133,3175,23.8721804511278,0.551573589202303
"850",90732,2009,103,2973,28.8640776699029,0.20910939530617
"851",90732,2010,94,3122,33.2127659574468,0.150660912753791
"852",90732,2011,95,3039,31.9894736842105,-0.0368319902896255
"853",90732,2012,90,3069,34.1,0.0659756498848307
"854",90732,2013,108,3286,30.4259259259259,-0.107744107744108
"855",90732,2014,93,3109,33.4301075268817,0.0987375571829658
"856",90732,2015,87,3166,36.3908045977011,0.0885637914397575
"857",90732,2016,103,3204,31.1067961165049,-0.145201749167428
"858",90732,2017,143,3256,22.7692307692308,-0.268030346682032
"859",90744,2005,78,9654,123.769230769231,NA
"860",90744,2006,113,9512,84.1769911504425,-0.319887579269265
"861",90744,2007,126,10504,83.3650793650794,-0.00964529349726972
"862",90744,2008,107,11078,103.532710280374,0.241919411207836
"863",90744,2009,107,9439,88.214953271028,-0.147950893663116
"864",90744,2010,98,10539,107.540816326531,0.219076951683312
"865",90744,2011,113,10462,92.5840707964602,-0.139079709834605
"866",90744,2012,130,10443,80.3307692307692,-0.1323478375954
"867",90744,2013,140,11318,80.8428571428571,0.00637474179559749
"868",90744,2014,198,11591,58.540404040404,-0.275874132739303
"869",90744,2015,235,11784,50.1446808510638,-0.14341758187295
"870",90744,2016,222,12184,54.8828828828829,0.0944906209671992
"871",90744,2017,263,12363,47.0076045627376,-0.143492431637577
"872",91040,2005,198,2151,10.8636363636364,NA
"873",91040,2006,138,2186,15.8405797101449,0.45812867624765
"874",91040,2007,222,2172,9.78378378378378,-0.382359486659578
"875",91040,2008,233,2177,9.34334763948498,-0.0450169539752924
"876",91040,2009,217,2069,9.53456221198157,0.0204653171298601
"877",91040,2010,227,2598,11.4449339207048,0.200362813336371
"878",91040,2011,220,2760,12.5454545454545,0.0961578836867518
"879",91040,2012,215,2705,12.5813953488372,0.00286484664644449
"880",91040,2013,137,3381,24.6788321167883,0.961533791168018
"881",91040,2014,124,3722,30.0161290322581,0.216270238810812
"882",91040,2015,145,3425,23.6206896551724,-0.213066760547722
"883",91040,2016,159,3041,19.125786163522,-0.190295184318046
"884",91040,2017,113,3092,27.3628318584071,0.430677496049565
"885",91042,2005,170,1867,10.9823529411765,NA
"886",91042,2006,131,2198,16.7786259541985,0.527780617147157
"887",91042,2007,148,1979,13.3716216216216,-0.203056218183607
"888",91042,2008,169,2184,12.9230769230769,-0.0335445252069811
"889",91042,2009,105,2133,20.3142857142857,0.571938775510204
"890",91042,2010,94,2415,25.6914893617021,0.26470060149026
"891",91042,2011,91,2362,25.956043956044,0.0102973630923937
"892",91042,2012,164,2427,14.7987804878049,-0.429852233535036
"893",91042,2013,209,3875,18.5406698564593,0.252851197552258
"894",91042,2014,194,4028,20.7628865979381,0.119856335217825
"895",91042,2015,220,4059,18.45,-0.111395233366435
"896",91042,2016,268,4037,15.0634328358209,-0.183553775836266
"897",91042,2017,256,4497,17.56640625,0.16616221823136
"898",91303,2005,709,12149,17.1354019746121,NA
"899",91303,2006,763,11599,15.2018348623853,-0.112840487494346
"900",91303,2007,860,13209,15.3593023255814,0.0103584511094583
"901",91303,2008,688,12754,18.5377906976744,0.206942236354001
"902",91303,2009,600,11530,19.2166666666667,0.0366211907375462
"903",91303,2010,595,12207,20.5159663865546,0.0676131684243519
"904",91303,2011,556,12192,21.9280575539568,0.0688288887199404
"905",91303,2012,607,12593,20.7462932454695,-0.0538927949080499
"906",91303,2013,696,12868,18.4885057471264,-0.108828477050286
"907",91303,2014,708,13074,18.4661016949153,-0.00121178274316003
"908",91303,2015,606,12184,20.1056105610561,0.0887847848575587
"909",91303,2016,618,12449,20.1440129449838,0.00191003321242578
"910",91303,2017,630,12888,20.4571428571429,0.0155445646810415
"911",91304,2005,770,16330,21.2077922077922,NA
"912",91304,2006,788,15322,19.4441624365482,-0.0831595176887855
"913",91304,2007,560,14494,25.8821428571429,0.331100937960356
"914",91304,2008,473,13216,27.9408033826638,0.0795398022831344
"915",91304,2009,514,12629,24.5700389105058,-0.120639497225389
"916",91304,2010,513,12346,24.0662768031189,-0.0205031058038546
"917",91304,2011,1027,12329,12.0048685491723,-0.501174666634909
"918",91304,2012,937,12308,13.1355389541089,0.0941843219944678
"919",91304,2013,877,12204,13.9156214367161,0.0593871698247455
"920",91304,2014,475,12352,26.0042105263158,0.86870637754662
"921",91304,2015,633,13449,21.2464454976303,-0.182961333276036
"922",91304,2016,795,13857,17.4301886792453,-0.179618601088389
"923",91304,2017,907,13780,15.1929437706725,-0.128354600729979
"924",91306,2005,117,3376,28.8547008547009,NA
"925",91306,2006,103,3581,34.7669902912621,0.204898656421111
"926",91306,2007,126,3639,28.8809523809524,-0.169299610377521
"927",91306,2008,149,3476,23.3288590604027,-0.192240659079215
"928",91306,2009,177,3189,18.0169491525424,-0.227696943691365
"929",91306,2010,216,3666,16.9722222222222,-0.0579857844674403
"930",91306,2011,237,3725,15.7172995780591,-0.073939795728107
"931",91306,2012,237,4008,16.9113924050633,0.0759731543624163
"932",91306,2013,218,4606,21.1284403669725,0.249361369005109
"933",91306,2014,157,4852,30.9044585987261,0.462694740452083
"934",91306,2015,237,5228,22.0590717299578,-0.286217176091637
"935",91306,2016,98,5252,53.5918367346939,1.42946926283903
"936",91306,2017,105,5462,52.0190476190476,-0.0293475501396295
"937",91307,2005,140,6373,45.5214285714286,NA
"938",91307,2006,157,6633,42.2484076433121,-0.0719006637276488
"939",91307,2007,171,6803,39.7836257309942,-0.0583402322077364
"940",91307,2008,139,6856,49.3237410071942,0.239800045895959
"941",91307,2009,315,6562,20.831746031746,-0.577652756940972
"942",91307,2010,14,6873,490.928571428571,22.5663669612923
"943",91307,2011,281,6670,23.7366548042705,-0.951649473700017
"944",91307,2012,214,6372,29.7757009345794,0.254418585099974
"945",91307,2013,281,6901,24.55871886121,-0.175209379111906
"946",91307,2014,348,7144,20.5287356321839,-0.164095824859632
"947",91307,2015,396,7518,18.9848484848485,-0.075206148834368
"948",91307,2016,228,7337,32.1798245614035,0.69502667282732
"949",91307,2017,293,7273,24.8225255972696,-0.228630797849601
"950",91311,2005,3770,39706,10.5320954907162,NA
"951",91311,2006,3739,39692,10.6156726397432,0.00793547201511235
"952",91311,2007,3909,38039,9.73113328216935,-0.0833239105605358
"953",91311,2008,3958,37588,9.4967155128853,-0.0240894623973127
"954",91311,2009,3377,34389,10.1832987859046,0.07229691908616
"955",91311,2010,3174,35205,11.0916824196597,0.089203278117739
"956",91311,2011,3014,35729,11.8543463835435,0.0687599892449073
"957",91311,2012,2911,35991,12.3637925111645,0.0429754717078548
"958",91311,2013,2883,36836,12.7769684356573,0.0334182188935681
"959",91311,2014,2734,35448,12.9656181419166,0.0147648252564221
"960",91311,2015,2765,35937,12.9971066907776,0.00242861917698889
"961",91311,2016,2711,35104,12.9487274068609,-0.00372231182429017
"962",91311,2017,2546,35907,14.1032992930086,0.0891648924152926
"963",91316,2005,943,8518,9.03287380699894,NA
"964",91316,2006,978,7554,7.7239263803681,-0.144909300694163
"965",91316,2007,1094,7851,7.1764168190128,-0.0708848756957222
"966",91316,2008,1245,7707,6.19036144578313,-0.137402188041428
"967",91316,2009,1216,7531,6.19325657894737,0.000467684026141502
"968",91316,2010,1118,7510,6.71735241502683,0.0846236272304646
"969",91316,2011,1336,7862,5.88473053892216,-0.123950899798273
"970",91316,2012,1041,7570,7.27185398655139,0.235715711782328
"971",91316,2013,890,8459,9.50449438202247,0.307024920962403
"972",91316,2014,985,8733,8.86598984771574,-0.0671792216021984
"973",91316,2015,979,9254,9.45250255362615,0.066153099200934
"974",91316,2016,847,9446,11.1523022432113,0.179825361584601
"975",91316,2017,974,9676,9.93429158110883,-0.109216073555031
"976",91324,2005,719,19142,26.6230876216968,NA
"977",91324,2006,787,18952,24.0813214739517,-0.0954722526501264
"978",91324,2007,879,18551,21.1046643913538,-0.12360854390062
"979",91324,2008,853,17093,20.0386869871043,-0.0505090905253239
"980",91324,2009,882,15926,18.0566893424036,-0.0989085585286202
"981",91324,2010,563,17071,30.3214920071048,0.679238725999399
"982",91324,2011,662,17047,25.7507552870091,-0.150742473985935
"983",91324,2012,810,16939,20.9123456790123,-0.187893891036184
"984",91324,2013,690,17987,26.068115942029,0.246541939491321
"985",91324,2014,602,18796,31.2225913621262,0.197731030181081
"986",91324,2015,602,19038,31.624584717608,0.0128750798042137
"987",91324,2016,746,18517,24.8217158176944,-0.215113303800189
"988",91324,2017,786,18841,23.970737913486,-0.0342836051487517
"989",91325,2005,242,6071,25.0867768595041,NA
"990",91325,2006,278,6391,22.9892086330935,-0.0836125038364959
"991",91325,2007,355,7690,21.6619718309859,-0.0577330356729643
"992",91325,2008,252,7934,31.484126984127,0.45342848886412
"993",91325,2009,233,7935,34.0557939914163,0.0816813821322044
"994",91325,2010,207,8114,39.1980676328502,0.150995558721374
"995",91325,2011,216,8089,37.4490740740741,-0.0446193821378686
"996",91325,2012,221,9294,42.0542986425339,0.122972988847488
"997",91325,2013,225,10202,45.3422222222222,0.0781828180666142
"998",91325,2014,224,9931,44.3348214285714,-0.0222177199148622
"999",91325,2015,204,9998,49.0098039215686,0.105447193478136
"1000",91325,2016,209,10550,50.4784688995215,0.0299667589020198
"1001",91325,2017,225,11403,50.68,0.00399241706161102
"1002",91326,2005,324,3090,9.53703703703704,NA
"1003",91326,2006,410,3186,7.77073170731707,-0.185204830689084
"1004",91326,2007,391,3363,8.60102301790281,0.106848536516055
"1005",91326,2008,334,3605,10.7934131736527,0.254898766249838
"1006",91326,2009,230,3233,14.0565217391304,0.302324066815413
"1007",91326,2010,174,3484,20.0229885057471,0.424462529020055
"1008",91326,2011,220,3542,16.1,-0.195924225028703
"1009",91326,2012,238,3527,14.8193277310924,-0.0795448614228301
"1010",91326,2013,261,3913,14.992337164751,0.0116745804396738
"1011",91326,2014,215,3961,18.4232558139535,0.228844816621993
"1012",91326,2015,208,3911,18.8028846153846,0.0206059561493799
"1013",91326,2016,255,4295,16.843137254902,-0.104225888770236
"1014",91326,2017,241,4271,17.7219917012448,0.0521787855221021
"1015",91330,2005,0,5038,Inf,NA
"1016",91330,2006,0,5253,Inf,NA
"1017",91330,2007,0,5932,Inf,NA
"1018",91330,2008,0,5648,Inf,NA
"1019",91330,2009,0,5341,Inf,NA
"1020",91330,2010,0,4750,Inf,NA
"1021",91330,2011,0,5870,Inf,NA
"1022",91330,2012,0,6124,Inf,NA
"1023",91330,2013,0,6397,Inf,NA
"1024",91330,2014,0,6609,Inf,NA
"1025",91330,2015,0,6874,Inf,NA
"1026",91330,2016,0,6929,Inf,NA
"1027",91330,2017,0,7080,Inf,NA
"1028",91331,2005,441,12874,29.1927437641723,NA
"1029",91331,2006,424,12049,28.4174528301887,-0.0265576589938472
"1030",91331,2007,519,12970,24.990366088632,-0.120597956545775
"1031",91331,2008,467,12177,26.0749464668094,0.0433999395739468
"1032",91331,2009,553,10829,19.5822784810127,-0.249000242208023
"1033",91331,2010,704,12117,17.2116477272727,-0.1210600061703
"1034",91331,2011,437,12149,27.8009153318078,0.615238457835493
"1035",91331,2012,329,11988,36.4376899696049,0.310665117846517
"1036",91331,2013,353,13352,37.8243626062323,0.0380559974516539
"1037",91331,2014,193,13622,70.580310880829,0.866001328709755
"1038",91331,2015,233,13651,58.587982832618,-0.16991038858499
"1039",91331,2016,233,13582,58.2918454935622,-0.00505457475642768
"1040",91331,2017,398,14248,35.7989949748744,-0.385866158949659
"1041",91335,2005,273,8736,32,NA
"1042",91335,2006,280,8318,29.7071428571429,-0.0716517857142857
"1043",91335,2007,252,8269,32.8134920634921,0.104565734284417
"1044",91335,2008,349,8462,24.2464183381089,-0.261083876985919
"1045",91335,2009,253,8091,31.9802371541502,0.318967474213947
"1046",91335,2010,209,9689,46.3588516746412,0.449609377540997
"1047",91335,2011,325,9507,29.2523076923077,-0.369002754908421
"1048",91335,2012,305,9647,31.6295081967213,0.0812654006452538
"1049",91335,2013,349,11695,33.5100286532951,0.0594546220851058
"1050",91335,2014,345,11728,33.9942028985507,0.0144486371606845
"1051",91335,2015,354,11965,33.7994350282486,-0.00572944366083206
"1052",91335,2016,313,12176,38.9009584664537,0.15093516900331
"1053",91335,2017,200,13033,65.165,0.67515152759527
"1054",91342,2005,420,18343,43.6738095238095,NA
"1055",91342,2006,438,20110,45.9132420091324,0.0512763257828937
"1056",91342,2007,517,20325,39.3133462282398,-0.143747108504771
"1057",91342,2008,657,20523,31.2374429223744,-0.205423961088926
"1058",91342,2009,343,19130,55.7725947521866,0.785440469336187
"1059",91342,2010,337,19390,57.5370919881306,0.0316373524270144
"1060",91342,2011,361,19345,53.5872576177285,-0.068648488026069
"1061",91342,2012,294,19202,65.312925170068,0.218814473320991
"1062",91342,2013,255,20203,79.2274509803922,0.213043984388881
"1063",91342,2014,291,20726,71.2233676975945,-0.101026641445004
"1064",91342,2015,278,21817,78.4784172661871,0.101863332261914
"1065",91342,2016,297,22798,76.7609427609428,-0.0218846730741126
"1066",91342,2017,309,23929,77.4401294498382,0.00884807643661478
"1067",91343,2005,367,8874,24.1798365122616,NA
"1068",91343,2006,277,8707,31.4332129963899,0.299976241793452
"1069",91343,2007,282,9161,32.4858156028369,0.0334869555513739
"1070",91343,2008,248,9180,37.0161290322581,0.13945512357786
"1071",91343,2009,265,8502,32.0830188679245,-0.133269207053891
"1072",91343,2010,510,9313,18.2607843137255,-0.430827117956098
"1073",91343,2011,622,8794,14.1382636655949,-0.225758137071473
"1074",91343,2012,385,9186,23.8597402597403,0.687600459581355
"1075",91343,2013,275,10062,36.5890909090909,0.533507511430438
"1076",91343,2014,243,9984,41.0864197530864,0.122914473474336
"1077",91343,2015,217,9554,44.0276497695853,0.0715864276852183
"1078",91343,2016,232,9952,42.8965517241379,-0.0256906296694652
"1079",91343,2017,244,9767,40.0286885245902,-0.0668553318222548
"1080",91344,2005,431,7981,18.5174013921114,NA
"1081",91344,2006,512,7860,15.3515625,-0.170965613644907
"1082",91344,2007,551,7787,14.1324863883848,-0.0794105558711202
"1083",91344,2008,507,7643,15.0749506903353,0.0666877912385715
"1084",91344,2009,398,7045,17.7010050251256,0.174199862323523
"1085",91344,2010,302,8088,26.7814569536424,0.512990754797682
"1086",91344,2011,340,8106,23.8411764705882,-0.109787921103159
"1087",91344,2012,301,8169,27.1395348837209,0.13834713304529
"1088",91344,2013,307,9289,30.257328990228,0.114880159879867
"1089",91344,2014,339,9317,27.4837758112094,-0.0916654996187645
"1090",91344,2015,360,10075,27.9861111111111,0.018277521376695
"1091",91344,2016,366,10179,27.8114754098361,-0.00624008461131687
"1092",91344,2017,419,10771,25.7064439140811,-0.0756893140236075
"1093",91345,2005,249,6000,24.0963855421687,NA
"1094",91345,2006,277,5336,19.2635379061372,-0.200563176895307
"1095",91345,2007,325,5688,17.5015384615385,-0.0914681120977969
"1096",91345,2008,323,5569,17.2414860681115,-0.0148588304964448
"1097",91345,2009,331,4575,13.821752265861,-0.198343332398436
"1098",91345,2010,308,4594,14.9155844155844,0.0791384571712443
"1099",91345,2011,341,4561,13.375366568915,-0.103262319715758
"1100",91345,2012,357,4432,12.4145658263305,-0.0718336007939681
"1101",91345,2013,323,4859,15.0433436532508,0.211749477484324
"1102",91345,2014,327,4980,15.2293577981651,0.0123652127613378
"1103",91345,2015,279,5541,19.8602150537634,0.304074361963985
"1104",91345,2016,256,5644,22.046875,0.110102531131565
"1105",91345,2017,269,6276,23.3308550185874,0.0582386401060178
"1106",91352,2005,677,19396,28.6499261447563,NA
"1107",91352,2006,696,19161,27.5301724137931,-0.0390840006115729
"1108",91352,2007,604,19522,32.3211920529801,0.174027956206574
"1109",91352,2008,491,19150,39.0020366598778,0.206701677213718
"1110",91352,2009,411,16761,40.7810218978102,0.0456126241161783
"1111",91352,2010,564,17567,31.1471631205674,-0.236233873721545
"1112",91352,2011,580,17792,30.6758620689655,-0.0151314278535577
"1113",91352,2012,453,17425,38.4657836644592,0.253943037622882
"1114",91352,2013,549,18818,34.2768670309654,-0.10889981262397
"1115",91352,2014,572,19232,33.6223776223776,-0.0190942015790562
"1116",91352,2015,643,20152,31.3405909797823,-0.0678651185297703
"1117",91352,2016,590,19484,33.0237288135593,0.0537047254425687
"1118",91352,2017,467,19578,41.9229122055674,0.269478454182139
"1119",91356,2005,1395,14567,10.44229390681,NA
"1120",91356,2006,1581,14116,8.92852624920936,-0.144965049931553
"1121",91356,2007,1179,14002,11.8761662425785,0.330137349781563
"1122",91356,2008,1123,13916,12.3918076580588,0.0434181708935359
"1123",91356,2009,1050,12111,11.5342857142857,-0.0692007144910277
"1124",91356,2010,1064,12047,11.3223684210526,-0.0183728146226354
"1125",91356,2011,1060,11870,11.1981132075472,-0.0109743128720686
"1126",91356,2012,1125,11962,10.6328888888889,-0.0504749602171672
"1127",91356,2013,1139,12491,10.9666374012291,0.0313883193765916
"1128",91356,2014,1049,12600,12.0114394661582,0.0952709592469974
"1129",91356,2015,1189,13058,10.9823380992431,-0.0856767725312721
"1130",91356,2016,1287,13386,10.4009324009324,-0.052940065499416
"1131",91356,2017,1132,13513,11.9372791519435,0.147712406137101
"1132",91364,2005,1826,19121,10.4715224534502,NA
"1133",91364,2006,1995,18533,9.28972431077694,-0.11285829237599
"1134",91364,2007,2033,18222,8.9631087063453,-0.0351588048800044
"1135",91364,2008,1924,17426,9.05717255717256,0.0104945565103614
"1136",91364,2009,1650,16282,9.86787878787879,0.0895098581360489
"1137",91364,2010,1758,16958,9.64618885096701,-0.0224658147589015
"1138",91364,2011,1782,16761,9.40572390572391,-0.0249284923774841
"1139",91364,2012,1788,17265,9.65604026845638,0.0266131948206707
"1140",91364,2013,1896,17487,9.22310126582278,-0.0448360808982835
"1141",91364,2014,2001,18144,9.06746626686657,-0.0168744757832096
"1142",91364,2015,1783,18668,10.469994391475,0.154676960832317
"1143",91364,2016,1878,18443,9.82055378061768,-0.0620287448660103
"1144",91364,2017,1949,18258,9.36788096459723,-0.0460944286984982
"1145",91367,2005,4957,33727,6.80391365745411,NA
"1146",91367,2006,5171,35337,6.83368787468575,0.00437604277929382
"1147",91367,2007,4976,33924,6.81752411575563,-0.00236530541437152
"1148",91367,2008,4604,33025,7.1731103388358,0.0521576773389609
"1149",91367,2009,4171,30776,7.3785662910573,0.0286425194255204
"1150",91367,2010,4212,31793,7.54819563152896,0.0229894716372274
"1151",91367,2011,4100,31815,7.75975609756098,0.0280279521569791
"1152",91367,2012,4415,32061,7.26183465458664,-0.0641671512241017
"1153",91367,2013,4795,34446,7.1837330552659,-0.0107550781635333
"1154",91367,2014,5313,35645,6.7090156220591,-0.0660822763811942
"1155",91367,2015,5654,38247,6.76459143968872,0.00828375141159077
"1156",91367,2016,5586,38837,6.95255997135696,0.0277871225992175
"1157",91367,2017,6217,40491,6.51294836737977,-0.063230177918393
"1158",91401,2005,335,8309,24.8029850746269,NA
"1159",91401,2006,323,7930,24.5510835913313,-0.0101560954271303
"1160",91401,2007,343,8887,25.9096209912536,0.0553351299085656
"1161",91401,2008,315,8491,26.9555555555556,0.0403685783228935
"1162",91401,2009,268,7354,27.4402985074627,0.0179830443823754
"1163",91401,2010,247,7463,30.2145748987854,0.101102267184456
"1164",91401,2011,286,7403,25.8846153846154,-0.143306981106794
"1165",91401,2012,375,7669,20.4506666666667,-0.209929668152551
"1166",91401,2013,495,9250,18.6868686868687,-0.0862464783445356
"1167",91401,2014,340,9396,27.6352941176471,0.478861685214627
"1168",91401,2015,347,9756,28.1152737752161,0.0173683571278718
"1169",91401,2016,407,9760,23.980343980344,-0.147070586184977
"1170",91401,2017,416,9984,24,0.000819672131147531
"1171",91402,2005,328,11181,34.0884146341463,NA
"1172",91402,2006,335,11176,33.3611940298507,-0.0213333653706245
"1173",91402,2007,335,11013,32.8746268656716,-0.0145848246241945
"1174",91402,2008,368,10743,29.1929347826087,-0.111991904823944
"1175",91402,2009,365,10014,27.4356164383562,-0.0601967002406153
"1176",91402,2010,388,11203,28.8737113402062,0.0524170800055179
"1177",91402,2011,355,11266,31.7352112676056,0.0991039874882609
"1178",91402,2012,190,11532,60.6947368421053,0.912536089024264
"1179",91402,2013,184,13358,72.5978260869565,0.196114026753533
"1180",91402,2014,230,13304,57.8434782608696,-0.203234017068423
"1181",91402,2015,239,13873,58.0460251046025,0.00350163665503378
"1182",91402,2016,191,14123,73.9424083769634,0.27385825719702
"1183",91402,2017,218,14984,68.7339449541284,-0.0704394614289788
"1184",91403,2005,3028,13744,4.53896961690885,NA
"1185",91403,2006,3098,13996,4.51775338928341,-0.00467423874052963
"1186",91403,2007,3080,13824,4.48831168831169,-0.00651688979782727
"1187",91403,2008,3320,14122,4.25361445783133,-0.0522907602632752
"1188",91403,2009,3187,13694,4.29683087543144,0.0101599282277567
"1189",91403,2010,3306,13791,4.17150635208711,-0.0291667340366851
"1190",91403,2011,3522,13707,3.89182282793867,-0.0670461700264486
"1191",91403,2012,3864,14721,3.80978260869565,-0.0210801526354354
"1192",91403,2013,3566,15608,4.3768928771733,0.148856332952764
"1193",91403,2014,3204,15980,4.98751560549313,0.139510549025405
"1194",91403,2015,3038,15393,5.0668202764977,0.0159006361638685
"1195",91403,2016,2987,14689,4.91764312018748,-0.029441967184463
"1196",91403,2017,2951,15186,5.14605218569976,0.046446856742133
"1197",91405,2005,1188,14141,11.9031986531987,NA
"1198",91405,2006,1006,12805,12.7286282306163,0.0693451904371802
"1199",91405,2007,886,13047,14.7257336343115,0.156898714261412
"1200",91405,2008,697,12227,17.5423242467719,0.191269968777488
"1201",91405,2009,1413,11444,8.09907997169144,-0.538312035636793
"1202",91405,2010,917,11484,12.5234460196292,0.546280079145062
"1203",91405,2011,857,11578,13.50991831972,0.0787700365014974
"1204",91405,2012,848,11456,13.5094339622642,-3.58519899482657e-05
"1205",91405,2013,951,13210,13.8906414300736,0.0282178712205325
"1206",91405,2014,955,13774,14.4230366492147,0.038327619485476
"1207",91405,2015,1004,14403,14.3456175298805,-0.0053677405956255
"1208",91405,2016,1058,16291,15.3979206049149,0.0733536268370891
"1209",91405,2017,1086,16769,15.4410681399632,0.00280216635449215
"1210",91406,2005,2468,25422,10.3006482982172,NA
"1211",91406,2006,2427,24051,9.9097651421508,-0.0379474325061684
"1212",91406,2007,2524,22921,9.08122028526149,-0.0836089296773674
"1213",91406,2008,2210,21222,9.6027149321267,0.0574256135721729
"1214",91406,2009,2000,19803,9.9015,0.0311146451795308
"1215",91406,2010,1837,20446,11.1301034295046,0.124082556128327
"1216",91406,2011,1944,21101,10.8544238683128,-0.024768822943826
"1217",91406,2012,2075,21666,10.4414457831325,-0.0380469834410865
"1218",91406,2013,1839,23110,12.5666122892877,0.203531824068674
"1219",91406,2014,1977,24630,12.4582701062215,-0.0086214311838414
"1220",91406,2015,2101,27027,12.8638743455497,0.0325570272493643
"1221",91406,2016,1576,27149,17.2265228426396,0.339139545357819
"1222",91406,2017,1559,27969,17.940346375882,0.0414374705657665
"1223",91411,2005,1043,9420,9.03163950143816,NA
"1224",91411,2006,1167,9193,7.87746358183376,-0.127792514240699
"1225",91411,2007,1100,9177,8.34272727272727,0.0590626267021348
"1226",91411,2008,1377,8805,6.39433551198257,-0.233543743796357
"1227",91411,2009,933,7527,8.06752411575563,0.261667314866042
"1228",91411,2010,1190,9036,7.59327731092437,-0.0587846776813559
"1229",91411,2011,1228,9339,7.60504885993485,0.00155025933183639
"1230",91411,2012,1185,9422,7.95105485232068,0.0454968796070019
"1231",91411,2013,1193,10171,8.52556580050293,0.0722559407340244
"1232",91411,2014,951,10246,10.7739221871714,0.263719316615424
"1233",91411,2015,760,9807,12.9039473684211,0.197701927324655
"1234",91411,2016,865,9555,11.0462427745665,-0.143964055402211
"1235",91411,2017,1132,9547,8.43374558303887,-0.236505501901766
"1236",91423,2005,2036,10969,5.38752455795678,NA
"1237",91423,2006,1782,10404,5.83838383838384,0.0836857958746917
"1238",91423,2007,2347,10829,4.61397528760119,-0.209717035514674
"1239",91423,2008,1737,10414,5.99539435808866,0.299398888026049
"1240",91423,2009,1509,9485,6.2856196156395,0.0484080346039761
"1241",91423,2010,1356,9215,6.79572271386431,0.0811539878989183
"1242",91423,2011,1438,9881,6.87134909596662,0.0111285267640517
"1243",91423,2012,1431,9910,6.92522711390636,0.00784096648085675
"1244",91423,2013,1612,10823,6.71401985111663,-0.0304982434966812
"1245",91423,2014,1390,11493,8.26834532374101,0.231504449955696
"1246",91423,2015,1721,12131,7.04880883207437,-0.147494624851355
"1247",91423,2016,1270,11576,9.11496062992126,0.293120702670389
"1248",91423,2017,1730,12497,7.22369942196532,-0.207489783526611
"1249",91436,2005,6347,19388,3.05467149834568,NA
"1250",91436,2006,6119,18325,2.99477038731819,-0.0196096735966295
"1251",91436,2007,6621,18083,2.73115843528168,-0.088024094652737
"1252",91436,2008,6543,17694,2.70426409903714,-0.00984722669220273
"1253",91436,2009,5907,16330,2.7645166751312,0.0222805812921583
"1254",91436,2010,5887,17110,2.9064039408867,0.0513244383844293
"1255",91436,2011,6415,17663,2.75339049103663,-0.0526470005416332
"1256",91436,2012,4164,15718,3.7747358309318,0.370940970131205
"1257",91436,2013,4267,16365,3.83524724630888,0.0160306358080025
"1258",91436,2014,4220,16565,3.92535545023697,0.0234947574800572
"1259",91436,2015,4286,16914,3.94633691087261,0.00534511101010615
"1260",91436,2016,4928,18049,3.66254058441558,-0.0719138616054632
"1261",91436,2017,5469,18744,3.4273176083379,-0.0642239916954294
"1262",91601,2005,1526,7521,4.92857142857143,NA
"1263",91601,2006,1622,7622,4.69913686806412,-0.0465519398130775
"1264",91601,2007,1608,8252,5.1318407960199,0.0920815758520439
"1265",91601,2008,1535,8200,5.34201954397394,0.0409558200084947
"1266",91601,2009,1386,7583,5.47113997113997,0.0241707141097385
"1267",91601,2010,1584,8286,5.23106060606061,-0.043881049716471
"1268",91601,2011,1542,8817,5.71789883268483,0.0930668297094812
"1269",91601,2012,1609,8906,5.53511497824736,-0.0319669619533368
"1270",91601,2013,1618,10193,6.29975278121137,0.13814307488986
"1271",91601,2014,1472,10140,6.88858695652174,0.0934694099531224
"1272",91601,2015,1557,10356,6.65125240847784,-0.0344532992821123
"1273",91601,2016,1683,10544,6.26500297088532,-0.0580716854317834
"1274",91601,2017,1625,10822,6.65969230769231,0.062999066184195
"1275",91602,2005,677,4095,6.04874446085672,NA
"1276",91602,2006,667,3954,5.928035982009,-0.0199559560878901
"1277",91602,2007,636,4492,7.06289308176101,0.191438969533281
"1278",91602,2008,803,4555,5.67247820672478,-0.196861945797649
"1279",91602,2009,679,4020,5.92047128129602,0.0437186473942277
"1280",91602,2010,618,4115,6.65857605177994,0.124669935114074
"1281",91602,2011,704,4394,6.24147727272727,-0.0626408372915057
"1282",91602,2012,679,4433,6.52871870397644,0.0460213854345497
"1283",91602,2013,692,4858,7.02023121387283,0.0752846817549411
"1284",91602,2014,752,5124,6.81382978723404,-0.0294009442639033
"1285",91602,2015,735,5334,7.25714285714286,0.0650607784097244
"1286",91602,2016,728,5554,7.62912087912088,0.0512568140520897
"1287",91602,2017,774,5535,7.15116279069767,-0.0626491696744855
"1288",91604,2005,1441,10080,6.99514226231783,NA
"1289",91604,2006,1380,9970,7.22463768115942,0.032807827237175
"1290",91604,2007,1381,10082,7.30050687907314,0.0105014536731121
"1291",91604,2008,1354,10142,7.4903988183161,0.026010788345024
"1292",91604,2009,1327,9355,7.04973624717408,-0.058830321566387
"1293",91604,2010,1364,9902,7.25953079178886,0.0297592047786008
"1294",91604,2011,1512,10580,6.9973544973545,-0.0361147713197804
"1295",91604,2012,1413,10993,7.77990092002831,0.111834611633535
"1296",91604,2013,1232,11120,9.02597402597403,0.160165678040689
"1297",91604,2014,1385,11184,8.07509025270758,-0.105349713009376
"1298",91604,2015,1444,12402,8.58864265927978,0.0635971104347719
"1299",91604,2016,1959,12569,6.41602858601327,-0.252963612465476
"1300",91604,2017,1647,12401,7.52944748026715,0.173537084401571
"1301",91605,2005,679,17330,25.5228276877761,NA
"1302",91605,2006,718,17115,23.8370473537604,-0.0660499046045387
"1303",91605,2007,609,16786,27.5632183908046,0.156318481133374
"1304",91605,2008,610,15828,25.9475409836066,-0.0586171536389614
"1305",91605,2009,558,14227,25.4964157706093,-0.0173860487697951
"1306",91605,2010,631,14562,23.0776545166403,-0.0948667167860223
"1307",91605,2011,602,14786,24.5614617940199,0.0642962774362439
"1308",91605,2012,648,15042,23.212962962963,-0.0549030364058095
"1309",91605,2013,633,17093,27.0031595576619,0.163279310820698
"1310",91605,2014,480,16733,34.8604166666667,0.290975472415609
"1311",91605,2015,506,17184,33.9604743083004,-0.0258155938573961
"1312",91605,2016,429,17599,41.02331002331,0.207972234159385
"1313",91605,2017,447,17704,39.6062639821029,-0.0345424598941901
"1314",91606,2005,560,9085,16.2232142857143,NA
"1315",91606,2006,632,9259,14.6503164556962,-0.0969535261210925
"1316",91606,2007,588,7488,12.734693877551,-0.130756395872962
"1317",91606,2008,621,8011,12.9001610305958,0.01299341426153
"1318",91606,2009,574,7586,13.2160278745645,0.0244854962057834
"1319",91606,2010,518,8307,16.0366795366795,0.213426582395736
"1320",91606,2011,467,7978,17.0835117773019,0.0652773685617427
"1321",91606,2012,503,8122,16.1471172962227,-0.0548127629310621
"1322",91606,2013,522,10191,19.5229885057471,0.209069591035558
"1323",91606,2014,470,10130,21.5531914893617,0.103990379496302
"1324",91606,2015,489,8814,18.0245398773006,-0.163718288022578
"1325",91606,2016,606,8818,14.5511551155116,-0.192703102849427
"1326",91606,2017,630,8453,13.4174603174603,-0.0779109829461384
"1327",91607,2005,717,5077,7.08089260808926,NA
"1328",91607,2006,649,4928,7.59322033898305,0.0723535519107441
"1329",91607,2007,750,5763,7.684,0.011955357142857
"1330",91607,2008,629,5484,8.71860095389507,0.13464353902851
"1331",91607,2009,483,4424,9.15942028985507,0.050560788169008
"1332",91607,2010,495,4481,9.05252525252525,-0.0116705024932872
"1333",91607,2011,439,4154,9.4624145785877,0.0452790038832651
"1334",91607,2012,493,4184,8.4868154158215,-0.10310255957014
"1335",91607,2013,542,5030,9.28044280442804,0.0935129786288305
"1336",91607,2014,663,5295,7.98642533936652,-0.139434883909215
"1337",91607,2015,613,5273,8.60195758564437,0.077072309590599
"1338",91607,2016,723,5314,7.34993084370678,-0.145551373564905
"1339",91607,2017,820,5599,6.8280487804878,-0.0710050304304322
